{
	"format_version": "1.8.0",
	"animations": {
		"boat_forward": {
			"loop": true,
			"animation_length": 0.72,
			"bones": {
				"torso": {
					"rotation": {
						"0.0": {
							"vector": [4.98093, 0.01893, -0.43523]
						},
						"0.48": {
							"vector": [0, 0, 0]
						},
						"0.72": {
							"vector": [4.98093, 0.01893, -0.43523]
						}
					},
					"position": {
						"0.0": {
							"vector": [0, 0, -1]
						},
						"0.48": {
							"vector": [0, 0, 0]
						},
						"0.72": {
							"vector": [0, 0, -1]
						}
					}
				},
				"head": {
					"position": {
						"0.0": {
							"vector": [0, 0, -2]
						},
						"0.48": {
							"vector": [0, 0, 0]
						},
						"0.72": {
							"vector": [0, 0, -2]
						}
					}
				},
				"right_arm": {
					"rotation": {
						"0.0": {
							"vector": [-56.50092, -6.3402, 32.38995]
						},
						"0.2": {
							"vector": [-7.53761, -3.74472, 54.82968]
						},
						"0.48": {
							"vector": [53.27313, -3.6641, 25.56052]
						},
						"0.72": {
							"vector": [-56.50092, -6.3402, 32.38995]
						}
					},
					"position": {
						"0.0": {
							"vector": [0, 0, -1]
						},
						"0.72": {
							"vector": [0, 0, -1]
						}
					}
				},
				"left_arm": {
					"rotation": {
						"0.0": {
							"vector": [-42.90462, 8.41456, -32.45508]
						},
						"0.24": {
							"vector": [-10.1717, 5.99467, -47.37823]
						},
						"0.48": {
							"vector": [32.09538, 8.41456, -32.45508]
						},
						"0.72": {
							"vector": [-42.90462, 8.41456, -32.45508]
						}
					},
					"position": {
						"0.0": {
							"vector": [0, 0, -1]
						},
						"0.48": {
							"vector": [0, 0, 0]
						},
						"0.72": {
							"vector": [0, 0, -1]
						}
					}
				}
			}
		}
	},
	"geckolib_format_version": 2
}