{
	"format_version": "1.8.0",
	"animations": {
		"falling": {
			"loop": true,
			"animation_length": 0.56,
			"bones": {
				"right_arm": {
					"rotation": {
						"0.0": {
							"vector": [-180, 0, -15]
						},
						"0.24": {
							"vector": [-167.5, 0, -15]
						},
						"0.52": {
							"vector": [-180, 0, -15]
						}
					}
				},
				"left_arm": {
					"rotation": {
						"0.0": {
							"vector": [-175.16955, -1.29256, 14.94548]
						},
						"0.24": {
							"vector": [-193.7871, -1.91313, 16.89565]
						},
						"0.52": {
							"vector": [-175.16955, -1.29256, 14.94548]
						}
					}
				},
				"right_leg": {
					"rotation": {
						"0.0": {
							"vector": [-14.87739, 1.93597, 7.24721]
						},
						"0.24": {
							"vector": [12.37231, -2.60948, 12.65939]
						},
						"0.52": {
							"vector": [-14.87739, 1.93597, 7.24721]
						}
					}
				},
				"left_leg": {
					"rotation": {
						"0.0": {
							"vector": [2.04589, 2.99318, -17.25002]
						},
						"0.24": {
							"vector": [-12.81477, 3.55072, -14.809]
						},
						"0.52": {
							"vector": [2.04589, 2.99318, -17.25002]
						}
					}
				}
			}
		}
	},
	"geckolib_format_version": 2
}