{
	"format_version": "1.8.0",
	"animations": {
		"fall_first": {
			"loop": true,
			"animation_length": 1,
			"bones": {
				"torso": {
					"rotation": {
						"0.0": {
							"vector": [7.5, 0, 0]
						},
						"0.52": {
							"vector": [7.5, 0, 0]
						},
						"1.0": {
							"vector": [7.5, 0, 0]
						}
					},
					"position": {
						"0.0": {
							"vector": [0, 0, -0.3]
						},
						"0.52": {
							"vector": [0, 0, -0.3]
						},
						"1.0": {
							"vector": [0, 0, -0.3]
						}
					}
				},
				"head": {
					"rotation": {
						"0.0": {
							"vector": [0, 0, 0]
						},
						"0.52": {
							"vector": [0, 0, 0]
						},
						"1.0": {
							"vector": [0, 0, 0]
						}
					},
					"position": {
						"0.0": {
							"vector": [0, 0, 0.4]
						},
						"0.52": {
							"vector": [0, 0, 0.4]
						},
						"1.0": {
							"vector": [0, 0, 0.4]
						}
					}
				},
				"right_arm": {
					"rotation": {
						"0.0": {
							"vector": [74.92495, -18.70569, -22.98497]
						},
						"0.52": {
							"vector": [84.92495, -18.70569, -22.98497]
						},
						"1.0": {
							"vector": [74.92495, -18.70569, -22.98497]
						}
					},
					"position": {
						"0.0": {
							"vector": [0, 0, 0]
						},
						"0.52": {
							"vector": [0, 0, 0]
						},
						"1.0": {
							"vector": [0, 0, 0]
						}
					}
				},
				"left_arm": {
					"rotation": {
						"0.0": {
							"vector": [-93.4473, -20.43663, 22.15172]
						},
						"0.52": {
							"vector": [-80.9473, -20.43663, 22.15172]
						},
						"1.0": {
							"vector": [-93.4473, -20.43663, 22.15172]
						}
					},
					"position": {
						"0.0": {
							"vector": [0, 0, 0]
						},
						"0.52": {
							"vector": [0, 0, 0]
						},
						"1.0": {
							"vector": [0, 0, 0]
						}
					}
				},
				"right_leg": {
					"rotation": {
						"0.0": {
							"vector": [27.5, 0, 0]
						},
						"0.52": {
							"vector": [22.5, 0, 0]
						},
						"1.0": {
							"vector": [27.5, 0, 0]
						}
					},
					"position": {
						"0.0": {
							"vector": [0, 0, 1]
						},
						"0.52": {
							"vector": [0, 0, 1]
						},
						"1.0": {
							"vector": [0, 0, 1]
						}
					}
				},
				"left_leg": {
					"rotation": {
						"0.0": {
							"vector": [-25.24634, 0.02692, -8.51745]
						},
						"0.52": {
							"vector": [-20.24634, 0.02692, -8.51745]
						},
						"1.0": {
							"vector": [-25.24634, 0.02692, -8.51745]
						}
					},
					"position": {
						"0.0": {
							"vector": [0.4, 3, -0.2]
						},
						"0.52": {
							"vector": [0.4, 3, -0.2]
						},
						"1.0": {
							"vector": [0.4, 3, -0.2]
						}
					}
				}
			}
		}
	},
	"geckolib_format_version": 2
}