{
	"format_version": "1.8.0",
	"animations": {
		"sword_swing_sneak_first": {
			"animation_length": 0.24,
			"bones": {
				"body": {
					"position": {
						"vector": [0, -6, 0]
					}
				},
				"torso": {
					"rotation": {
						"0.0": {
							"vector": [-10, 20, 0]
						},
						"0.08": {
							"vector": [-22.5, 20, 0]
						},
						"0.16": {
							"vector": [33.53704, 3.42065, -2.31157]
						},
						"0.24": {
							"vector": [36.31314, -21.36755, -19.56672]
						}
					},
					"position": {
						"0.0": {
							"vector": [0, 0, 3]
						},
						"0.08": {
							"vector": [0, 0, 6]
						},
						"0.16": {
							"vector": [-0.6, -2, -11]
						},
						"0.24": {
							"vector": [0.4, -3, -12]
						}
					}
				},
				"head": {
					"position": {
						"0.0": {
							"vector": [0, 0, 4]
						},
						"0.08": {
							"vector": [0, 0, 8]
						},
						"0.16": {
							"vector": [0, -2, -11]
						},
						"0.24": {
							"vector": [1, -4, -13]
						}
					}
				},
				"right_arm": {
					"rotation": {
						"0.0": {
							"vector": [-152.87917, 17.62159, -6.09726]
						},
						"0.08": {
							"vector": [-185.37917, 17.62159, -6.09726]
						},
						"0.16": {
							"vector": [-55.40953, 27.75657, -44.40753]
						},
						"0.24": {
							"vector": [17.09047, 27.75657, -44.40753]
						}
					},
					"position": {
						"0.0": {
							"vector": [0, 0, 4]
						},
						"0.08": {
							"vector": [0, 2, 6]
						},
						"0.16": {
							"vector": [0, -1, -11]
						},
						"0.24": {
							"vector": [4, -4, -16]
						}
					}
				},
				"left_arm": {
					"rotation": {
						"0.0": {
							"vector": [-186.6281, 15.24509, -42.31843]
						},
						"0.08": {
							"vector": [-199.1281, 15.24509, -42.31843]
						},
						"0.16": {
							"vector": [-101.14773, 54.83064, -49.71921]
						},
						"0.24": {
							"vector": [-63.64773, 54.83064, -49.71921]
						}
					},
					"position": {
						"0.0": {
							"vector": [-4, 0, 0]
						},
						"0.08": {
							"vector": [-4, 3, 3]
						},
						"0.16": {
							"vector": [-2, -1, -11]
						},
						"0.24": {
							"vector": [1, -3, -9]
						}
					}
				},
				"right_leg": {
					"rotation": {
						"0.0": {
							"vector": [50, 0, 0]
						},
						"0.08": {
							"vector": [5, 0, 0]
						},
						"0.16": {
							"vector": [-2.5, 0, 0]
						},
						"0.24": {
							"vector": [-2.47864, 0.32621, 7.49294]
						}
					},
					"position": {
						"0.0": {
							"vector": [-1, 2, -1]
						},
						"0.08": {
							"vector": [-2, 6, 1]
						},
						"0.16": {
							"vector": [-1, 4, -9]
						},
						"0.24": {
							"vector": [0.4, 4, -9]
						}
					}
				},
				"left_leg": {
					"rotation": {
						"0.0": {
							"vector": [0, 0, 0]
						},
						"0.08": {
							"vector": [-7.5, 0, 0]
						},
						"0.16": {
							"vector": [65, 0, 0]
						},
						"0.24": {
							"vector": [62.5, 0, 0]
						}
					},
					"position": {
						"0.0": {
							"vector": [0, 5, -2]
						},
						"0.08": {
							"vector": [0, 4, -0.5]
						},
						"0.16": {
							"vector": [0, 0, -4.5]
						},
						"0.24": {
							"vector": [0, -0.4, -3.5]
						}
					}
				}
			}
		}
	},
	"geckolib_format_version": 2
}