{
	"format_version": "1.8.0",
	"animations": {
		"fence_walk": {
			"loop": true,
			"animation_length": 1.04,
			"bones": {
				"torso": {
					"rotation": {
						"0.0": {
							"vector": [0, -45, 0]
						},
						"0.52": {
							"vector": [0, 45, 0]
						},
						"1.04": {
							"vector": [0, -45, 0]
						}
					},
					"position": {
						"0.0": {
							"vector": [0, -0.2, 0]
						},
						"0.24": {
							"vector": [-0.5, 0.3, 0]
						},
						"0.52": {
							"vector": [0, -0.3, 0]
						},
						"0.76": {
							"vector": [0.4, 0.15, 0]
						},
						"1.04": {
							"vector": [0, -0.2, 0]
						}
					}
				},
				"head": {
					"position": {
						"0.0": {
							"vector": [0, -0.3, 0]
						},
						"0.24": {
							"vector": [-0.4, 0.2, 0]
						},
						"0.52": {
							"vector": [0, -0.3, 0]
						},
						"0.76": {
							"vector": [0.4, 0, 0]
						},
						"1.04": {
							"vector": [0, -0.3, 0]
						}
					}
				},
				"right_arm": {
					"rotation": {
						"0.0": {
							"vector": [2.47466, -10.3394, 61.74703]
						},
						"0.24": {
							"vector": [6.8946, -7.27348, 65.7896]
						},
						"0.52": {
							"vector": [11.49411, -6.51965, 74.79069]
						},
						"0.76": {
							"vector": [6.76569, -7.74204, 72.80375]
						},
						"1.04": {
							"vector": [2.47466, -10.3394, 61.74703]
						}
					},
					"position": {
						"0.0": {
							"vector": [0, 0, -3.3]
						},
						"0.52": {
							"vector": [0, 0, 2.6]
						},
						"0.76": {
							"vector": [0.4, 0, 0.07]
						},
						"1.04": {
							"vector": [0, 0, -3.3]
						}
					}
				},
				"left_arm": {
					"rotation": {
						"0.0": {
							"vector": [3.14991, 4.2397, -74.58666]
						},
						"0.24": {
							"vector": [-4.92062, 3.95978, -74.03116]
						},
						"0.52": {
							"vector": [-13.3284, 1.99986, -80.26552]
						},
						"0.76": {
							"vector": [-6.5294, 3.09488, -81.37757]
						},
						"1.04": {
							"vector": [3.14991, 4.2397, -74.58666]
						}
					},
					"position": {
						"0.0": {
							"vector": [0, 0, 3]
						},
						"0.24": {
							"vector": [-0.2, 0, 0]
						},
						"0.52": {
							"vector": [-0.14, 0, -2]
						},
						"1.04": {
							"vector": [0, 0, 3]
						}
					}
				},
				"right_leg": {
					"rotation": {
						"0.0": {
							"vector": [-22.42287, -1.91134, -4.62111]
						},
						"0.24": {
							"vector": [0, 0, 0]
						},
						"0.52": {
							"vector": [17.43745, 1.50179, -4.76968]
						},
						"0.76": {
							"vector": [-2.59843, -0.06467, 2.2951]
						},
						"1.04": {
							"vector": [-22.42287, -1.91134, -4.62111]
						}
					},
					"position": {
						"0.0": {
							"vector": [1, 0, -3.8]
						},
						"0.24": {
							"vector": [0, 0, 0]
						},
						"0.52": {
							"vector": [1, 0, 2.5]
						},
						"0.76": {
							"vector": [0, 2, -1.12]
						},
						"1.04": {
							"vector": [1, 0, -3.8]
						}
					}
				},
				"left_leg": {
					"rotation": {
						"0.0": {
							"vector": [17.35932, -2.24944, 7.15656]
						},
						"0.52": {
							"vector": [-27.47766, 1.15408, 2.21783]
						},
						"1.04": {
							"vector": [17.35932, -2.24944, 7.15656]
						}
					},
					"position": {
						"0.0": {
							"vector": [-0.5, 0, 2.6]
						},
						"0.24": {
							"vector": [0, 3, -1.4]
						},
						"0.52": {
							"vector": [-1, 0, -3.8]
						},
						"1.04": {
							"vector": [-0.5, 0, 2.6]
						}
					}
				},
				"body": {
					"rotation": {
						"0.0": {
							"vector": [0, 0, -5]
						},
						"0.52": {
							"vector": [0, 0, 5]
						},
						"1.04": {
							"vector": [0, 0, -5]
						}
					},
					"position": {
						"0.0": {
							"vector": [-1, -1, 0]
						},
						"0.52": {
							"vector": [1, 0, 0]
						},
						"1.04": {
							"vector": [-1, -1, 0]
						}
					}
				}
			}
		},
		"fence_turn_right": {
			"loop": true,
			"animation_length": 0.52,
			"bones": {
				"torso": {
					"rotation": {
						"0.0": {
							"vector": [0, 45, 0]
						},
						"0.12": {
							"vector": [0, 40, 0]
						},
						"0.24": {
							"vector": [0, 52.5, 0]
						},
						"0.4": {
							"vector": [0, 62.5, 0]
						},
						"0.52": {
							"vector": [0, 45, 0]
						}
					},
					"position": {
						"vector": [0, 0, 0]
					}
				},
				"head": {
					"position": {
						"0.0": {
							"vector": [0, 0, 0]
						},
						"0.16": {
							"vector": [0, 0, 0.8]
						},
						"0.36": {
							"vector": [-0.3, -0.2, 0.34]
						},
						"0.52": {
							"vector": [0, 0, 0]
						}
					}
				},
				"right_arm": {
					"rotation": {
						"vector": [31.00807, 18.26294, 58.38217]
					},
					"position": {
						"0.0": {
							"vector": [1, 0, 3]
						},
						"0.2": {
							"vector": [2, 0, 4]
						},
						"0.4": {
							"vector": [2.43, 0, 4.43]
						},
						"0.52": {
							"vector": [1, 0, 3]
						}
					}
				},
				"left_arm": {
					"rotation": {
						"vector": [-37.34835, 29.03976, -60.21219]
					},
					"position": {
						"0.0": {
							"vector": [-1, 0, -3]
						},
						"0.24": {
							"vector": [-2, 0, -4]
						},
						"0.4": {
							"vector": [-2.43, 0, -4.43]
						},
						"0.52": {
							"vector": [-1, 0, -3]
						}
					}
				},
				"right_leg": {
					"rotation": {
						"0.0": {
							"vector": [0, 0, -5]
						},
						"0.12": {
							"vector": [5, 0, 5]
						},
						"0.24": {
							"vector": [0, 0, 0]
						},
						"0.52": {
							"vector": [0, 0, 0]
						}
					},
					"position": {
						"0.0": {
							"vector": [0, 0, 2]
						},
						"0.12": {
							"vector": [0, 2, 2.6]
						},
						"0.24": {
							"vector": [0, 0, 3]
						},
						"0.52": {
							"vector": [0, 0, 0]
						}
					}
				},
				"left_leg": {
					"rotation": {
						"0.0": {
							"vector": [0, 0, 2.5]
						},
						"0.24": {
							"vector": [0, -40, 0]
						},
						"0.4": {
							"vector": [-3.44328, -17.5112, -5.22362]
						},
						"0.52": {
							"vector": [0, 0, 2.5]
						}
					},
					"position": {
						"0.0": {
							"vector": [-0.5, 0, -2]
						},
						"0.24": {
							"vector": [0, 0, -1]
						},
						"0.4": {
							"vector": [-2, 2, -0.27]
						},
						"0.52": {
							"vector": [-0.5, 0, -2]
						}
					}
				}
			}
		}
	},
	"geckolib_format_version": 2
}