{
	"format_version": "1.8.0",
	"animations": {
		"sneak_walk": {
			"loop": true,
			"animation_length": 2,
			"bones": {
				"torso": {
					"rotation": {
						"0.0": {
							"vector": [17.75313, 9.53274, 3.03513]
						},
						"0.48": {
							"vector": [17.75172, -0.3825, 2.50517]
						},
						"1.0": {
							"vector": [17.75031, -9.5358, -3.02927]
						},
						"1.52": {
							"vector": [17.72901, 0.98931, -1.7808]
						},
						"2.0": {
							"vector": [17.75313, 9.53274, 3.03513]
						}
					},
					"position": {
						"0.0": {
							"vector": [0, -4, 0]
						},
						"0.48": {
							"vector": [0.4, -3, 0]
						},
						"1.0": {
							"vector": [0, -4, 0]
						},
						"1.52": {
							"vector": [-0.2, -3, 0]
						},
						"2.0": {
							"vector": [0, -4, 0]
						}
					}
				},
				"head": {
					"position": {
						"0.0": {
							"vector": [0, -4, 0]
						},
						"0.48": {
							"vector": [0.4, -3, 0]
						},
						"1.0": {
							"vector": [0, -4, 0]
						},
						"1.52": {
							"vector": [-0.2, -3, 0]
						},
						"2.0": {
							"vector": [0, -4, 0]
						}
					}
				},
				"right_arm": {
					"rotation": {
						"0.0": {
							"vector": [-7.5, 0, 15]
						},
						"0.48": {
							"vector": [-0.29743, -0.03916, 7.5001]
						},
						"1.0": {
							"vector": [-7.5, 0, 15]
						},
						"1.52": {
							"vector": [-0.29743, -0.03916, 7.5001]
						},
						"2.0": {
							"vector": [-7.5, 0, 15]
						}
					},
					"position": {
						"0.0": {
							"vector": [0, -3.6, 1.3]
						},
						"0.48": {
							"vector": [0.2, -2.6, 0.3]
						},
						"1.0": {
							"vector": [0, -3.94, -0.7]
						},
						"1.52": {
							"vector": [-0.3, -2.6, 0.3]
						},
						"2.0": {
							"vector": [0, -3.6, 1.3]
						}
					}
				},
				"left_arm": {
					"rotation": {
						"0.0": {
							"vector": [-9.96271, -0.86717, -14.92442]
						},
						"0.48": {
							"vector": [-0.89658, 0.07844, -5.00061]
						},
						"1.0": {
							"vector": [-9.96271, -0.86717, -14.92442]
						},
						"1.52": {
							"vector": [-0.89914, 0.03926, -7.50031]
						},
						"2.0": {
							"vector": [-9.96271, -0.86717, -14.92442]
						}
					},
					"position": {
						"0.0": {
							"vector": [0, -4, -0.8]
						},
						"0.48": {
							"vector": [0.5, -3.16, 0.2]
						},
						"1.0": {
							"vector": [0, -4.34, 1.2]
						},
						"1.52": {
							"vector": [-0.2, -3, 0.2]
						},
						"2.0": {
							"vector": [0, -4, -0.8]
						}
					}
				},
				"right_leg": {
					"rotation": {
						"0.0": {
							"vector": [30, 0, 0]
						},
						"1.0": {
							"vector": [-2.5, 0, 0]
						},
						"2.0": {
							"vector": [30, 0, 0]
						}
					},
					"position": {
						"0.0": {
							"vector": [0, -2, 1]
						},
						"0.52": {
							"vector": [0, 1, 0]
						},
						"1.0": {
							"vector": [0, -0.2, -1]
						},
						"2.0": {
							"vector": [0, -2, 1]
						}
					}
				},
				"left_leg": {
					"rotation": {
						"0.0": {
							"vector": [-2.5, 0, 0]
						},
						"1.0": {
							"vector": [30, 0, 0]
						},
						"2.0": {
							"vector": [-2.5, 0, 0]
						}
					},
					"position": {
						"0.0": {
							"vector": [0, -0.2, -1]
						},
						"1.0": {
							"vector": [0, -2, 1]
						},
						"1.52": {
							"vector": [0, 0.9, 0]
						},
						"2.0": {
							"vector": [0, -0.2, -1]
						}
					}
				}
			}
		}
	},
	"geckolib_format_version": 2
}