{
	"format_version": "1.8.0",
	"animations": {
		"sword_swing_sneak_second": {
			"animation_length": 0.32,
			"bones": {
				"body": {
					"position": {
						"vector": [0, -6, 0]
					}
				},
				"torso": {
					"rotation": {
						"0.0": {
							"vector": [5.06692, -57.85969, -20.9783]
						},
						"0.08": {
							"vector": [-10.29478, -70.28711, -17.8152]
						},
						"0.24": {
							"vector": [34.8648, 17.41215, 10.26537]
						}
					},
					"position": {
						"0.0": {
							"vector": [-2, 0, 2]
						},
						"0.08": {
							"vector": [-5, -1, 2]
						},
						"0.16": {
							"vector": [-1, -1, 0.5]
						},
						"0.24": {
							"vector": [-1, -2, -7]
						}
					}
				},
				"head": {
					"position": {
						"0.0": {
							"vector": [-3, 0, 1]
						},
						"0.08": {
							"vector": [-6, -1, 2]
						},
						"0.16": {
							"vector": [-1.5, -1.5, 1]
						},
						"0.24": {
							"vector": [-1, -2, -8]
						}
					}
				},
				"right_arm": {
					"rotation": {
						"0.0": {
							"vector": [-140.67731, -42.14507, 39.32269]
						},
						"0.08": {
							"vector": [-185.67731, -42.14507, 39.32269]
						},
						"0.24": {
							"vector": [-25.67731, -42.14507, 39.32269]
						},
						"0.32": {
							"vector": [4.32269, -42.14507, 39.32269]
						}
					},
					"position": {
						"0.0": {
							"vector": [6, 0, 0]
						},
						"0.08": {
							"vector": [4, 1, 0]
						},
						"0.24": {
							"vector": [0, -3, -5]
						}
					}
				},
				"left_arm": {
					"rotation": {
						"0.0": {
							"vector": [-107.30998, -25.71543, 10.09541]
						},
						"0.08": {
							"vector": [-140.30595, -26.87326, 10.50439]
						},
						"0.16": {
							"vector": [-77.70213, -15.80234, 18.18757]
						},
						"0.24": {
							"vector": [-1.59636, 33.03504, 39.19462]
						},
						"0.32": {
							"vector": [22.91146, 29.62621, 71.2667]
						}
					},
					"position": {
						"0.0": {
							"vector": [-1, 1, 6]
						},
						"0.08": {
							"vector": [-7, 1, 6]
						},
						"0.16": {
							"vector": [-2, -1, 1]
						},
						"0.24": {
							"vector": [-5, -5, -8]
						}
					}
				},
				"right_leg": {
					"rotation": {
						"0.0": {
							"vector": [65, -17.5, 0]
						},
						"0.08": {
							"vector": [62.67544, -14.94159, -1.3378]
						},
						"0.24": {
							"vector": [5.00474, -2.49048, -0.21803]
						}
					},
					"position": {
						"0.0": {
							"vector": [2, 0, 1]
						},
						"0.08": {
							"vector": [2, 0, 0]
						},
						"0.12": {
							"vector": [1.5, 2, 0]
						},
						"0.16": {
							"vector": [1, 5, -2]
						},
						"0.24": {
							"vector": [-1, 4, -4]
						}
					}
				},
				"left_leg": {
					"rotation": {
						"0.0": {
							"vector": [-19.78167, -40.96089, 10.30497]
						},
						"0.08": {
							"vector": [-15.6779, -51.0081, 9.79254]
						},
						"0.2": {
							"vector": [62.60108, -2.45385, -1.41455]
						}
					},
					"position": {
						"0.0": {
							"vector": [2, 5, 3]
						},
						"0.08": {
							"vector": [2, 5, 3]
						},
						"0.2": {
							"vector": [-1, 0, -2]
						}
					}
				}
			}
		}
	},
	"geckolib_format_version": 2
}