{
	"format_version": "1.8.0",
	"animations": {
		"walking": {
			"loop": true,
			"animation_length": 0.52,
			"bones": {
				"torso": {
					"rotation": {
						"0.0": {
							"vector": [0, -5, 0]
						},
						"0.12": {
							"vector": [-0.08391, 1.92125, -2.50141]
						},
						"0.24": {
							"vector": [0, 10, 0]
						},
						"0.36": {
							"vector": [0.10912, 2.49762, 2.50238]
						},
						"0.52": {
							"vector": [0, -5, 0]
						}
					},
					"position": {
						"0.0": {
							"vector": [0, -0.2, 0]
						},
						"0.12": {
							"vector": [-0.5, 0.3, 0]
						},
						"0.24": {
							"vector": [0, -0.3, 0]
						},
						"0.36": {
							"vector": [0.4, 0.15, 0]
						},
						"0.52": {
							"vector": [0, 0, 0]
						}
					}
				},
				"head": {
					"position": {
						"0.0": {
							"vector": [0, -0.3, 0]
						},
						"0.12": {
							"vector": [-0.4, 0.2, 0]
						},
						"0.24": {
							"vector": [0, -0.3, 0]
						},
						"0.36": {
							"vector": [0.4, 0, 0]
						},
						"0.52": {
							"vector": [0, -0.3, 0]
						}
					}
				},
				"right_arm": {
					"rotation": {
						"0.0": {
							"vector": [22.48072, -0.95645, 2.30991]
						},
						"0.24": {
							"vector": [-12.45392, 1.08089, 4.88206]
						},
						"0.52": {
							"vector": [22.48072, -0.95645, 2.30991]
						}
					},
					"position": {
						"0.0": {
							"vector": [0, 0, -0.3]
						},
						"0.24": {
							"vector": [0, 0, 0.6]
						},
						"0.36": {
							"vector": [0.4, 0, 0.07]
						},
						"0.52": {
							"vector": [0, 0, -0.3]
						}
					}
				},
				"left_arm": {
					"rotation": {
						"0.0": {
							"vector": [-17.43745, -1.50179, -4.76968]
						},
						"0.24": {
							"vector": [24.97911, 1.05627, -2.26603]
						},
						"0.52": {
							"vector": [-17.43745, -1.50179, -4.76968]
						}
					},
					"position": {
						"0.0": {
							"vector": [0, 0, 0]
						},
						"0.12": {
							"vector": [-0.2, 0, 0]
						},
						"0.52": {
							"vector": [0, 0, 0]
						}
					}
				},
				"right_leg": {
					"rotation": {
						"0.0": {
							"vector": [-22.5, 0, 0]
						},
						"0.12": {
							"vector": [0, 0, 0]
						},
						"0.24": {
							"vector": [17.5, 0, 0]
						},
						"0.36": {
							"vector": [-2.59843, -0.06467, 2.2951]
						},
						"0.52": {
							"vector": [-22.5, 0, 0]
						}
					},
					"position": {
						"0.0": {
							"vector": [0, 0, -0.8]
						},
						"0.12": {
							"vector": [0, 0, 0]
						},
						"0.24": {
							"vector": [0, 0, 1.5]
						},
						"0.36": {
							"vector": [0, 2, -1.12]
						},
						"0.52": {
							"vector": [0, 0, -0.8]
						}
					}
				},
				"left_leg": {
					"rotation": {
						"0.0": {
							"vector": [17.5, 0, 0]
						},
						"0.24": {
							"vector": [-27.5, 0, 0]
						},
						"0.52": {
							"vector": [17.5, 0, 0]
						}
					},
					"position": {
						"0.0": {
							"vector": [0, 0, 1.6]
						},
						"0.12": {
							"vector": [0, 3, -1.4]
						},
						"0.24": {
							"vector": [0, 0, -0.8]
						},
						"0.52": {
							"vector": [0, 0, 1.6]
						}
					}
				}
			}
		}
	},
	"geckolib_format_version": 2
}